@Cuacxxzz,@Cuacxxzz,agoda  boon    050.vcf,28-05 15:56
pengirim,penerus,nama file,tanggal dan Waktu
@Cuacxxzz,@Cuacxxzz,agoda  boon    049.vcf,28-05 15:56
@Cuacxxzz,@Cuacxxzz,agoda  boon    049.vcf,28-05 15:58
@Cuacxxzz,@Cuacxxzz,agoda  boon    050.vcf,28-05 15:58
@Cuacxxzz,@camatchaaaaa,agoda  boon    049.vcf,28-05 16:01
@Cuacxxzz,@camatchaaaaa,agoda  boon    050.vcf,28-05 16:01
@Cuacxxzz,@camatchaaaaa,agoda  boon    052.vcf,28-05 16:01
@Cuacxxzz,@camatchaaaaa,agoda  boon    059.vcf,28-05 16:01
@Cuacxxzz,@camatchaaaaa,agoda  boon    060.vcf,28-05 16:01
@Cuacxxzz,@camatchaaaaa,agoda  boon    051.vcf,28-05 16:01
@Cuacxxzz,@camatchaaaaa,agoda  boon    058.vcf,28-05 16:01
@Cuacxxzz,@KazuhaIDBot,Firgi edan 1.vcf,28-05 16:02
@Cuacxxzz,@KazuhaIDBot,Firgi edan 2.vcf,28-05 16:02
@Cuacxxzz,@KazuhaIDBot,Firgi edan 3.vcf,28-05 16:02
@Cuacxxzz,@KazuhaIDBot,Firgi edan 4.vcf,28-05 16:02
@Cuacxxzz,@KazuhaIDBot,Firgi edan 5.vcf,28-05 16:02
@Cuacxxzz,@KazuhaIDBot,Firgi edan 6.vcf,28-05 16:02
@Cuacxxzz,@KazuhaIDBot,Firgi edan 7.vcf,28-05 16:02
@Cuacxxzz,@Cuacxxzz,agoda G 091.vcf,28-05 20:48
@Cuacxxzz,@Cuacxxzz,agoda G 092.vcf,28-05 20:48
@Cuacxxzz,@Cuacxxzz,agoda G 093.vcf,28-05 20:48
@Cuacxxzz,@Cuacxxzz,agoda G 094.vcf,28-05 20:48
@Cuacxxzz,@Cuacxxzz,agoda G 095.vcf,28-05 20:48
@Cuacxxzz,@Cuacxxzz,agoda G 096.vcf,28-05 20:48
@Cuacxxzz,@Cuacxxzz,agoda G 097.vcf,28-05 20:48
@Cuacxxzz,@Cuacxxzz,agoda G 098.vcf,28-05 20:48
@Cuacxxzz,@Cuacxxzz,agoda G 099.vcf,28-05 20:48
@Cuacxxzz,@Cuacxxzz,agoda G 0100.vcf,28-05 20:48
@Cuacxxzz,@Cuacxxzz,agoda G 091.vcf,28-05 23:44
@Cuacxxzz,@Cuacxxzz,agoda G 099.vcf,28-05 23:44
@Cuacxxzz,@Cuacxxzz,agoda G 092.vcf,28-05 23:44
@Cuacxxzz,@Cuacxxzz,agoda G 093.vcf,28-05 23:44
@Cuacxxzz,@Cuacxxzz,agoda G 094.vcf,28-05 23:44
@Cuacxxzz,@Cuacxxzz,agoda G 095.vcf,28-05 23:44
@Cuacxxzz,@Cuacxxzz,agoda G 096.vcf,28-05 23:44
@Cuacxxzz,@Cuacxxzz,agoda G 097.vcf,28-05 23:44
@Cuacxxzz,@Cuacxxzz,agoda G 098.vcf,28-05 23:44
@Cuacxxzz,@Cuacxxzz,agoda G 0100.vcf,28-05 23:44
