@LANZOER,@LANZOER,2  S111_G9.vcf,28-05 08:28
@LANZOER,@LANZOER,2  S111_G8.vcf,28-05 08:28
@LANZOER,@LANZOER,2  S111_G7.vcf,28-05 08:28
@LANZOER,@LANZOER,2  S111_G4.vcf,28-05 08:28
@LANZOER,@LANZOER,2  S111_G2.vcf,28-05 08:28
@LANZOER,@LANZOER,2  S111_G1.vcf,28-05 08:28
pengirim,penerus,nama file,tanggal dan Waktu
@LANZOER,@LANZOER,2  S111_G10.vcf,28-05 08:28
@LANZOER,@LANZOER,2  S111_G6.vcf,28-05 08:28
@LANZOER,@LANZOER,2  S111_G5.vcf,28-05 08:28
@LANZOER,@LANZOER,2  S111_G3.vcf,28-05 08:28
@LANZOER,@LANZOER,2  S111_G1.vcf,28-05 08:29
@LANZOER,@LANZOER,2  S111_G2.vcf,28-05 08:29
@LANZOER,@LANZOER,2  S111_G3.vcf,28-05 08:29
@LANZOER,@LANZOER,2  S111_G4.vcf,28-05 08:29
@LANZOER,@LANZOER,2  S111_G7.vcf,28-05 08:29
@LANZOER,@LANZOER,2  S111_G6.vcf,28-05 08:29
@LANZOER,@LANZOER,2  S111_G8.vcf,28-05 08:29
@LANZOER,@LANZOER,2  S111_G10.vcf,28-05 08:29
@LANZOER,@LANZOER,2  S111_G9.vcf,28-05 08:29
@LANZOER,@LANZOER,2  S111_G5.vcf,28-05 08:29
@LANZOER,@LANZOER,1 S128_H10.vcf,28-05 08:33
@LANZOER,@LANZOER,2 S111_G10.vcf,28-05 08:34
@LANZOER,@LANZOER,2  S111_G8 (1).vcf,28-05 08:35
@LANZOER,@LANZOER,3  S12_D2.vcf,28-05 08:35
@LANZOER,@LANZOER,3  S12_D1.vcf,28-05 08:35
@LANZOER,@KazuhaIDBot,3  S12_D2.txt,28-05 08:36
@LANZOER,@KazuhaIDBot,3  S12_D1.txt,28-05 08:36
@LANZOER,@LANZOER,2 S111_G10.vcf,28-05 08:52
@LANZOER,@LANZOER,2  S111_G2.vcf,28-05 08:54
@LANZOER,@LANZOER,2  S111_G3.vcf,28-05 08:54
@LANZOER,@LANZOER,2  S111_G1.vcf,28-05 08:54
@LANZOER,@LANZOER,2  S111_G9.vcf,28-05 08:54
@LANZOER,@LANZOER,2  S111_G10.vcf,28-05 08:54
@LANZOER,@LANZOER,2  S111_G4.vcf,28-05 08:54
@LANZOER,@LANZOER,2  S111_G5.vcf,28-05 08:54
@LANZOER,@LANZOER,2  S111_G6.vcf,28-05 08:54
@LANZOER,@LANZOER,2  S111_G7.vcf,28-05 08:54
@LANZOER,@LANZOER,2  S111_G8.vcf,28-05 08:54
@LANZOER,@LANZOER,2 S111_G9 (1).vcf,28-05 08:59
@LANZOER,@LANZOER,2 S111_G10 (1).vcf,28-05 08:59
@LANZOER,@LANZOER,ADMIN NAVY S111 (1).vcf,28-05 08:59
@LANZOER,@LANZOER,2 S111_G9 (1).vcf,28-05 09:00
@LANZOER,@LANZOER,2 S111_G10 (1).vcf,28-05 09:00
@LANZOER,@LANZOER,ADMIN NAVY S111 (1).vcf,28-05 09:00
@LANZOER,@LANZOER,1 S128_H1.vcf,28-05 09:11
@LANZOER,@LANZOER,1 S128_H3.vcf,28-05 09:11
@LANZOER,@LANZOER,1 S128_H2.vcf,28-05 09:11
@LANZOER,@LANZOER,1 S128_H4.vcf,28-05 09:11
@LANZOER,@LANZOER,1 S128_H5.vcf,28-05 09:11
@LANZOER,@LANZOER,1 S128_H6.vcf,28-05 09:11
@LANZOER,@LANZOER,1 S128_H7.vcf,28-05 09:11
@LANZOER,@LANZOER,1 S128_H8.vcf,28-05 09:11
@LANZOER,@LANZOER,1 S128_H9.vcf,28-05 09:11
@LANZOER,@LANZOER,1 S128_H10.vcf,28-05 09:11
@LANZOER,@LANZOER,ADMIN NAVY S128.vcf,28-05 09:11
@LANZOER,@Gobes123,ADMIN NAVY S128.vcf,28-05 09:13
@LANZOER,@Gobes123,1 S128_H1.vcf,28-05 09:13
@LANZOER,@Gobes123,1 S128_H2.vcf,28-05 09:13
@LANZOER,@Gobes123,1 S128_H3.vcf,28-05 09:13
@LANZOER,@Gobes123,1 S128_H4.vcf,28-05 09:13
@LANZOER,@Gobes123,1 S128_H5.vcf,28-05 09:13
@LANZOER,@Gobes123,1 S128_H6.vcf,28-05 09:13
@LANZOER,@Gobes123,1 S128_H7.vcf,28-05 09:13
@LANZOER,@Gobes123,1 S128_H8.vcf,28-05 09:13
@LANZOER,@Gobes123,1 S128_H9.vcf,28-05 09:13
@LANZOER,@Gobes123,1 S128_H10.vcf,28-05 09:13
@LANZOER,@Gobes123,ADMIN NAVY S128.vcf,28-05 09:15
@LANZOER,@Gobes123,ADMIN NAVY S128.vcf,28-05 09:15
@LANZOER,@KazuhaIDBot,ADMIN NAVY S128.vcf,28-05 09:16
@LANZOER,@Gobes123,1 S128_H1.vcf,28-05 09:22
@LANZOER,@Gobes123,1 S128_H3.vcf,28-05 09:22
@LANZOER,@Gobes123,1 S128_H4.vcf,28-05 09:22
@LANZOER,@Gobes123,1 S128_H5.vcf,28-05 09:22
@LANZOER,@Gobes123,1 S128_H2.vcf,28-05 09:22
@LANZOER,@Gobes123,1 S128_H6.vcf,28-05 09:22
@LANZOER,@Gobes123,1 S128_H9.vcf,28-05 09:22
@LANZOER,@Gobes123,1 S128_H8.vcf,28-05 09:22
@LANZOER,@Gobes123,1 S128_H7.vcf,28-05 09:22
@LANZOER,@Gobes123,1 S128_H10.vcf,28-05 09:22
@LANZOER,@Gobes123,ADMIN NAVY S128.vcf,28-05 09:26
@LANZOER,@Gobes123,ADMIN NAVY S128.vcf,28-05 09:36
@LANZOER,@Gobes123,1 S128_H1.vcf,28-05 09:36
@LANZOER,@Gobes123,1 S128_H4.vcf,28-05 09:36
@LANZOER,@Gobes123,1 S128_H3.vcf,28-05 09:36
@LANZOER,@Gobes123,1 S128_H7.vcf,28-05 09:36
@LANZOER,@Gobes123,1 S128_H9.vcf,28-05 09:36
@LANZOER,@Gobes123,1 S128_H2.vcf,28-05 09:36
@LANZOER,@Gobes123,1 S128_H8.vcf,28-05 09:36
@LANZOER,@Gobes123,1 S128_H10.vcf,28-05 09:36
@LANZOER,@Gobes123,1 S128_H5.vcf,28-05 09:36
@LANZOER,@Gobes123,1 S128_H6.vcf,28-05 09:36
@LANZOER,@Gobes123,ADMIN NAVY S128.vcf,28-05 09:37
@LANZOER,@Gobes123,1 S128_H1.vcf,28-05 09:37
@LANZOER,@Gobes123,1 S128_H2.vcf,28-05 09:37
@LANZOER,@Gobes123,1 S128_H3.vcf,28-05 09:37
@LANZOER,@Gobes123,1 S128_H4.vcf,28-05 09:37
@LANZOER,@Gobes123,1 S128_H5.vcf,28-05 09:37
@LANZOER,@Gobes123,1 S128_H6.vcf,28-05 09:37
@LANZOER,@Gobes123,1 S128_H7.vcf,28-05 09:37
@LANZOER,@Gobes123,1 S128_H8.vcf,28-05 09:37
@LANZOER,@Gobes123,1 S128_H9.vcf,28-05 09:37
@LANZOER,@Gobes123,1 S128_H10.vcf,28-05 09:37
@LANZOER,@KazuhaIDBot,ADMIN NAVY S128.vcf,28-05 09:38
@LANZOER,@KazuhaIDBot,ADMIN NAVY S128.vcf,28-05 09:40
@LANZOER,@LANZOER,2 S111_G9.vcf,28-05 10:19
@LANZOER,@LANZOER,2 S111_G10.vcf,28-05 10:19
@LANZOER,@LANZOER,ADMIN NAVY S111.vcf,28-05 10:19
@LANZOER,ARYYYY,Agoda SUU181.vcf,28-05 11:38
@LANZOER,ARYYYY,Agoda SUU182.vcf,28-05 11:38
@LANZOER,ARYYYY,Agoda SUU184.vcf,28-05 11:38
@LANZOER,ARYYYY,Agoda SUU183.vcf,28-05 11:38
@LANZOER,ARYYYY,Agoda SUU185.vcf,28-05 11:38
@LANZOER,ARYYYY,Agoda SUU186.vcf,28-05 11:38
@LANZOER,ARYYYY,Agoda SUU187.vcf,28-05 11:38
@LANZOER,ARYYYY,Agoda SUU190.vcf,28-05 11:38
@LANZOER,ARYYYY,Agoda SUU192.vcf,28-05 11:38
@LANZOER,ARYYYY,Agoda SUU194.vcf,28-05 11:38
@LANZOER,ARYYYY,Agoda SUU189.vcf,28-05 11:38
@LANZOER,ARYYYY,Agoda SUU188.vcf,28-05 11:38
@LANZOER,ARYYYY,Agoda SUU193.vcf,28-05 11:38
@LANZOER,ARYYYY,Agoda SUU191.vcf,28-05 11:38
@LANZOER,ARYYYY,Agoda SUU196.vcf,28-05 11:38
@LANZOER,ARYYYY,Agoda SUU197.vcf,28-05 11:38
@LANZOER,ARYYYY,Agoda SUU198.vcf,28-05 11:38
@LANZOER,ARYYYY,Agoda SUU199.vcf,28-05 11:38
@LANZOER,ARYYYY,Agoda SUU200.vcf,28-05 11:38
@LANZOER,ARYYYY,Agoda SUU195.vcf,28-05 11:38
@LANZOER,ARYYYY,Agoda SUU181.vcf,28-05 15:15
@LANZOER,ARYYYY,Agoda SUU193.vcf,28-05 15:15
@LANZOER,ARYYYY,Agoda SUU194.vcf,28-05 15:15
@LANZOER,ARYYYY,Agoda SUU195.vcf,28-05 15:15
@LANZOER,ARYYYY,Agoda SUU196.vcf,28-05 15:15
@LANZOER,ARYYYY,Agoda SUU197.vcf,28-05 15:15
@LANZOER,ARYYYY,Agoda SUU198.vcf,28-05 15:15
@LANZOER,ARYYYY,Agoda SUU199.vcf,28-05 15:15
@LANZOER,ARYYYY,Agoda SUU200.vcf,28-05 15:15
@LANZOER,ARYYYY,Agoda SUU182.vcf,28-05 15:15
@LANZOER,ARYYYY,Agoda SUU183.vcf,28-05 15:15
@LANZOER,ARYYYY,Agoda SUU184.vcf,28-05 15:15
@LANZOER,ARYYYY,Agoda SUU185.vcf,28-05 15:15
@LANZOER,ARYYYY,Agoda SUU186.vcf,28-05 15:15
@LANZOER,ARYYYY,Agoda SUU187.vcf,28-05 15:15
@LANZOER,ARYYYY,Agoda SUU188.vcf,28-05 15:15
@LANZOER,ARYYYY,Agoda SUU189.vcf,28-05 15:15
@LANZOER,ARYYYY,Agoda SUU190.vcf,28-05 15:15
@LANZOER,ARYYYY,Agoda SUU191.vcf,28-05 15:15
@LANZOER,ARYYYY,Agoda SUU192.vcf,28-05 15:15
