@Lingzz08,@Lingzz08,Agoda-EN 118.vcf,27-05 21:47
@Lingzz08,@Lingzz08,Agoda-EN 119.vcf,27-05 21:47
pengirim,penerus,nama file,tanggal dan Waktu
@Lingzz08,@Lingzz08,Agoda-EN 116.vcf,27-05 21:47
@Lingzz08,@Lingzz08,Agoda-EN 120.vcf,27-05 21:47
pengirim,penerus,nama file,tanggal dan Waktu
@Lingzz08,@Lingzz08,Agoda-EN 117.vcf,27-05 21:47
@Lingzz08,@Lingzz08,Agoda-EN 117.vcf,27-05 21:49
@Lingzz08,@Lingzz08,Agoda-EN 120.vcf,27-05 21:49
@Lingzz08,@Lingzz08,Agoda-EN 118.vcf,27-05 21:49
@Lingzz08,@Lingzz08,Agoda-EN 116.vcf,27-05 21:49
@Lingzz08,@Lingzz08,Agoda-EN 119.vcf,27-05 21:49
@Lingzz08,@Lingzz08,Agoda-EN 116.vcf,27-05 21:51
@Lingzz08,@Lingzz08,Agoda-EN 117.vcf,27-05 21:51
@Lingzz08,@Lingzz08,Agoda-EN 118.vcf,27-05 21:51
@Lingzz08,@Lingzz08,Agoda-EN 119.vcf,27-05 21:51
@Lingzz08,@Lingzz08,Agoda-EN 120.vcf,27-05 21:51
@Lingzz08,@KazuhaIDBot,Lingz-Plenger 116-118.vcf,27-05 21:52
@Lingzz08,@KazuhaIDBot,Lingz-Plenger 116-119.vcf,27-05 21:52
@Lingzz08,@KazuhaIDBot,Lingz-Plenger 116-117.vcf,27-05 21:52
@Lingzz08,@KazuhaIDBot,Lingz-Plenger 116-120.vcf,27-05 21:52
@Lingzz08,@KazuhaIDBot,Lingz-Plenger 116-121.vcf,27-05 21:52
@Lingzz08,@KazuhaIDBot,Lingz-Plenger 116-121.vcf,27-05 21:53
@Lingzz08,@Lingzz08,Lingz-Plenger 116-117.vcf,27-05 21:55
@Lingzz08,@Lingzz08,Lingz-Plenger 116-117_1.vcf,27-05 21:56
@Lingzz08,@Lingzz08,Agoda-EN 116.vcf,29-05 20:07
@Lingzz08,@Lingzz08,Agoda-EN 117.vcf,29-05 20:07
@Lingzz08,@Lingzz08,Agoda-EN 118.vcf,29-05 20:07
@Lingzz08,@Lingzz08,Agoda-EN 119.vcf,29-05 20:07
@Lingzz08,@Lingzz08,Agoda-EN 120.vcf,29-05 20:07
@Lingzz08,@KazuhaIDBot,Agoda-EN 117.txt,29-05 20:07
@Lingzz08,@KazuhaIDBot,Agoda-EN 116.txt,29-05 20:07
@Lingzz08,@KazuhaIDBot,Agoda-EN 118.txt,29-05 20:07
@Lingzz08,@KazuhaIDBot,Agoda-EN 119.txt,29-05 20:07
@Lingzz08,@KazuhaIDBot,Agoda-EN 120.txt,29-05 20:07
